[
  {
    "id": 1,
    "brand": "Volvo",
    "model": "XC90",
    "color": "Жемчужно-белый металлик",
    "model_year": 2022,
    "img_src": "/static/images/volvo_xc90.png",
    "price": "$54333",
    "description": "Большой люксовый кроссовер, второе поколение которого выпускается в Швеции с 2014 года, продажи машин на российском рынке начались в 2015 году. Автомобиль оснащают бензиновыми и дизельными турбомоторами объёмом два литра. ",
    "availability": true
  },
  {
    "id": 2,
    "brand": "BMW",
    "model": "X2",
    "color": "Золотой Гальваник металлик",
    "model_year": 2017,
    "img_src": "/static/images/bmw_x2.png",
    "price": "$58307",
    "description": "Баварский кроссовер спортивного типа. Автомобиль выпускается с 2017 года, и является представителем принципиально новой линейки автомобилей, выпускаемых мюнхенским автоконцерном. Новая модель относится к тому же классу, что и автомобили линеек Х1, Х3, Х5 и Х6 – компактный городской кроссовер, однако как внешне, так и технически существенно отличается от своих «собратьев».",
    "availability": true
  },
  {
    "id": 3,
    "brand": "Volvo",
    "model": "S90",
    "color": "Неметаллик/стандарт Черный",
    "model_year": 2020,
    "img_src": "/static/images/volvo_s90.png",
    "price": "$69653",
    "description": "Стильный Volvo S90 в сборке 2021-2022 года является сочетанием аристократической элегантности и практичности, подтвержденной скандинавской надежностью. Разрабатывая новую версию престижного седана, талантливые инженеры позаботились о максимальной безопасности водителя и пассажиров. Их здоровье и жизнь при столкновении надежно защищены благодаря усиленной конструкции кузова с программируемыми зонами деформации. А интеллектуальный помощник Сity Safety сведет к минимуму вероятность таких происшествий на дороге. У официального дилера Volvo brand M1 в Москве можно купить обновленную версию седана с полным списком опций безопасности, предусмотренных для российского рынка.",
    "availability": true
  },
  {
    "id": 4,
    "brand": "BMW",
    "model": "Series 2 Coupe",
    "color": "Грозовая Ночь металлик",
    "model_year": 2021,
    "img_src": "/static/images/bmw_series2.png",
    "price": "$65761",
    "description": "Новый лидер компактного класса с решительным характером. Амбиции этого автомобиля проявляются прежде всего в бескомпромиссной эстетике, ориентированной на динамику. Оснащенный самыми современными технологиями и идеально настроенными системами регулировки динамики BMW 2 ярко выделяется на общем фоне и уверенно демонстрирует свой неповторимый характер",
    "availability": true
  },
  {
    "id": 5,
    "brand": "Mercedes-Benz",
    "model": "GLC 43 4MATIC",
    "color": "Черный обсидиан металлик",
    "model_year": 2022,
    "img_src": "/static/images/MB_GLC43.png",
    "price": "$220745",
    "description": "Mercedes-Benz Mercedes-AMG GLC Купе гармонично сочетает элегантный образ с бескомпромиссной мощностью. Битурбированный трехлитровый двигатель воспроизводит до 367 л.с. и способен набрать скорость до 100 км всего за 4.9 с.",
    "availability": true
  },
  {
    "id": 6,
    "brand": "Mercedes-Benz",
    "model": "GLB 200 4MATIC Progressive",
    "color": "Серые горы металлик",
    "model_year": 2020,
    "img_src": "/static/images/MB_GLB200.png",
    "price": "$78681",
    "description": "Кроссовер выполнен в строгом стиле. Грубоватый экстерьер GLB отсылает к классическому G-Class — дух Гелендвагена можно разглядеть, в частности, в прямом угле наклона решетки радиатора, небольших по площади фарах и горизонтальных задних фонарях. Паркетник получил трехрядную компоновку мест со схемой 2+3+2, но по умолчанию поставляется с пятиместным салоном",
    "availability": true
  },
  {
    "id": 7,
    "brand": "TOYOTA",
    "model": "LAND CRUISER 300",
    "color": "Жемчужно-белый перламутр",
    "model_year": 2019,
    "img_src": "/static/images/toyota_land_cruiser_300.png",
    "price": "$120556",
    "description": "Воплощение неудержимой силы, статуса и абсолютного превосходства в любой точке мира, на любой дороге, в любых обстоятельствах — все это исключительный Toyota Land Cruiser 300.",
    "availability": true
  },
  {
    "id": 8,
    "brand": "Volvo",
    "model": "S90",
    "color": "Красный металлик",
    "model_year": 2022,
    "img_src": "/static/images/volvo_s90_r.png",
    "price": "$82656",
    "description": "Соединив превосходный комфорт, изысканный дизайн и абсолютную безопасность, мы создали автомобиль для любых дорог. Куда бы они ни завели вас. Теперь вам не придется выбирать ничего, кроме маршрута. Навстречу жизни.",
    "availability": true
  },
  {
    "id": 9,
    "brand": "BMW",
    "model": "Series 4 Cabrio",
    "color": "Серый Гранит металлик",
    "model_year": 2021,
    "img_src": "/static/images/bmw_series4_cabrio.png",
    "price": "$82682",
    "description": "Новое проявление свободы: независимый и прогрессивный стиль в сочетании с элегантным салоном делают новый BMW 4 серии Cabrio абсолютно уникальным автомобилем, не признающим никаких границ.",
    "availability": true
  },
  {
    "id": 10,
    "brand": "Volvo",
    "model": "XC90",
    "color": "Жемчужно-белый металлик",
    "model_year": 2022,
    "img_src": "/static/images/volvo_xc90.png",
    "price": "$52000",
    "description": "Большой люксовый кроссовер, второе поколение которого выпускается в Швеции с 2014 года, продажи машин на российском рынке начались в 2015 году. Автомобиль оснащают бензиновыми и дизельными турбомоторами объёмом два литра. ",
    "availability": true
  },
  {
    "id": 11,
    "brand": "BMW",
    "model": "X2",
    "color": "Золотой Гальваник металлик",
    "model_year": 2017,
    "img_src": "/static/images/bmw_x2.png",
    "price": "$50000",
    "description": "Баварский кроссовер спортивного типа. Автомобиль выпускается с 2017 года, и является представителем принципиально новой линейки автомобилей, выпускаемых мюнхенским автоконцерном. Новая модель относится к тому же классу, что и автомобили линеек Х1, Х3, Х5 и Х6 – компактный городской кроссовер, однако как внешне, так и технически существенно отличается от своих «собратьев».",
    "availability": true
  },
  {
    "id": 12,
    "brand": "Volvo",
    "model": "S90",
    "color": "Неметаллик/стандарт Черный",
    "model_year": 2020,
    "img_src": "/static/images/volvo_s90.png",
    "price": "$65978",
    "description": "Стильный Volvo S90 в сборке 2021-2022 года является сочетанием аристократической элегантности и практичности, подтвержденной скандинавской надежностью. Разрабатывая новую версию престижного седана, талантливые инженеры позаботились о максимальной безопасности водителя и пассажиров. Их здоровье и жизнь при столкновении надежно защищены благодаря усиленной конструкции кузова с программируемыми зонами деформации. А интеллектуальный помощник Сity Safety сведет к минимуму вероятность таких происшествий на дороге. У официального дилера Volvo brand M1 в Москве можно купить обновленную версию седана с полным списком опций безопасности, предусмотренных для российского рынка.",
    "availability": true
  },
  {
    "id": 13,
    "brand": "BMW",
    "model": "Series 2 Coupe",
    "color": "Грозовая Ночь металлик",
    "model_year": 2021,
    "img_src": "/static/images/bmw_series2.png",
    "price": "$66897",
    "description": "Новый лидер компактного класса с решительным характером. Амбиции этого автомобиля проявляются прежде всего в бескомпромиссной эстетике, ориентированной на динамику. Оснащенный самыми современными технологиями и идеально настроенными системами регулировки динамики BMW 2 ярко выделяется на общем фоне и уверенно демонстрирует свой неповторимый характер",
    "availability": true
  },
  {
    "id": 14,
    "brand": "Mercedes-Benz",
    "model": "GLC 43 4MATIC",
    "color": "Черный обсидиан металлик",
    "model_year": 2022,
    "img_src": "/static/images/MB_GLC43.png",
    "price": "$225987",
    "description": "Mercedes-Benz Mercedes-AMG GLC Купе гармонично сочетает элегантный образ с бескомпромиссной мощностью. Битурбированный трехлитровый двигатель воспроизводит до 367 л.с. и способен набрать скорость до 100 км всего за 4.9 с.",
    "availability": true
  },
  {
    "id": 15,
    "brand": "Mercedes-Benz",
    "model": "GLB 200 4MATIC Progressive",
    "color": "Серые горы металлик",
    "model_year": 2020,
    "img_src": "/static/images/MB_GLB200.png",
    "price": "$80100",
    "description": "Кроссовер выполнен в строгом стиле. Грубоватый экстерьер GLB отсылает к классическому G-Class — дух Гелендвагена можно разглядеть, в частности, в прямом угле наклона решетки радиатора, небольших по площади фарах и горизонтальных задних фонарях. Паркетник получил трехрядную компоновку мест со схемой 2+3+2, но по умолчанию поставляется с пятиместным салоном",
    "availability": false
  },
  {
    "id": 16,
    "brand": "TOYOTA",
    "model": "LAND CRUISER 300",
    "color": "Жемчужно-белый перламутр",
    "model_year": 2019,
    "img_src": "/static/images/toyota_land_cruiser_300.png",
    "price": "$119658",
    "description": "Воплощение неудержимой силы, статуса и абсолютного превосходства в любой точке мира, на любой дороге, в любых обстоятельствах — все это исключительный Toyota Land Cruiser 300.",
    "availability": false
  },
  {
    "id": 17,
    "brand": "Volvo",
    "model": "S90",
    "color": "Красный металлик",
    "model_year": 2022,
    "img_src": "/static/images/volvo_s90_r.png",
    "price": "$85692",
    "description": "Соединив превосходный комфорт, изысканный дизайн и абсолютную безопасность, мы создали автомобиль для любых дорог. Куда бы они ни завели вас. Теперь вам не придется выбирать ничего, кроме маршрута. Навстречу жизни.",
    "availability": false
  },
  {
    "id": 18,
    "brand": "BMW",
    "model": "Series 4 Cabrio",
    "color": "Серый Гранит металлик",
    "model_year": 2021,
    "img_src": "/static/images/bmw_series4_cabrio.png",
    "price": "$80147",
    "description": "Новое проявление свободы: независимый и прогрессивный стиль в сочетании с элегантным салоном делают новый BMW 4 серии Cabrio абсолютно уникальным автомобилем, не признающим никаких границ.",
    "availability": false
  }
]
